file,expected,prediction,selected_method,global_threshold,otsu_threshold,global_foreground,global_ratio,otsu_foreground,otsu_ratio,selected_foreground,selected_ratio
absent_1.jpg,SIGNATURE ABSENT,SIGNATURE ABSENT,Global (fallback),180,247,0,0.0,41495,0.988,0,0.0
absent_2.jpg,SIGNATURE ABSENT,SIGNATURE ABSENT,Global (fallback),180,244,0,0.0,41499,0.9881,0,0.0
absent_3.jpg,SIGNATURE ABSENT,SIGNATURE ABSENT,Global (fallback),180,247,0,0.0,41395,0.9856,0,0.0
absent_4.jpg,SIGNATURE ABSENT,SIGNATURE ABSENT,Global (fallback),180,190,0,0.0,41494,0.988,0,0.0
present_1.jpg,SIGNATURE PRESENT,SIGNATURE PRESENT,Otsu,180,165,4340,0.1033,3771,0.0898,3771,0.0898
present_2.jpg,SIGNATURE PRESENT,SIGNATURE PRESENT,Otsu,180,195,4519,0.1076,5608,0.1335,5608,0.1335
present_3.jpg,SIGNATURE PRESENT,SIGNATURE PRESENT,Otsu,180,126,42000,1.0,3862,0.092,3862,0.092
present_4.jpg,SIGNATURE PRESENT,SIGNATURE PRESENT,Otsu,180,170,4234,0.1008,3775,0.0899,3775,0.0899
present_5.jpg,SIGNATURE PRESENT,SIGNATURE PRESENT,Otsu,180,145,7292,0.1736,4228,0.1007,4228,0.1007
